{"cameraMode":{"drawMode":0,"name":"Shaded","section":"Shading Mode"},"sceneLighting":false,"audioPlay":false,"sceneViewState":{"m_AlwaysRefresh":false,"showFog":true,"showSkybox":true,"showFlares":true,"showImageEffects":true,"showParticleSystems":true,"showVisualEffectGraphs":true,"m_FxEnabled":true},"in2DMode":false,"pivot":{"x":8.25528335571289,"y":0.22232457995414735,"z":-40.421119689941409},"rotation":{"x":-0.0006831670762039721,"y":0.997488796710968,"z":-0.06773970276117325,"w":-0.006845666561275721},"size":35.52201461791992,"orthographic":false}